image_folder_path,filename
tum,1311868169.163498.png
tum,1311868169.263274.png
tum,1311868169.363470.png
tum,1311868169.463229.png
tum,1311868169.563501.png
